{"name":"bae7f9da-6b16-425c-8cc2-0927064501be","id":"/providers/Microsoft.Flow/flows/bae7f9da-6b16-425c-8cc2-0927064501be","type":"Microsoft.Flow/flows","properties":{"apiId":"/providers/Microsoft.PowerApps/apis/shared_logicflows","displayName":"Force Sync and assign BU","definition":{"metadata":{"workflowEntityId":null,"flowclientsuspensionreason":"None","flowclientsuspensiontime":null,"creator":{"id":"efeb0565-eaf1-43d3-9dce-f630746c54ae","type":"User","tenantId":"8c5fe1df-95d2-4f04-98a0-fae0345915b7"},"provisioningMethod":"FromDefinition","failureAlertSubscription":true,"clientLastModifiedTime":"2021-04-15T11:23:44.2777512Z"},"$schema":"https://schema.management.azure.com/providers/Microsoft.Logic/schemas/2016-06-01/workflowdefinition.json#","contentVersion":"1.0.0.0","parameters":{"$connections":{"defaultValue":{},"type":"Object"},"$authentication":{"defaultValue":{},"type":"SecureObject"},"cdsruntimecertificate":{"type":"String"},"cdsruntimecertificatepassword":{"type":"SecureString"}},"triggers":{"manual":{"type":"Request","kind":"Button","inputs":{"schema":{"type":"object","properties":{"text_2":{"title":"Environment","type":"string","x-ms-dynamically-added":true,"description":"GUID of the environment ('name' field, not display name)","x-ms-content-hint":"TEXT"}},"required":["text_2"]}}}},"actions":{"Apply_to_each_users":{"foreach":"@outputs('List_rows_present_in_a_table')?['body/value']","actions":{"List_rows_Get_current_user":{"runAfter":{"Force_Sync_user":["Succeeded"]},"type":"OpenApiConnection","inputs":{"host":{"apiId":"/providers/Microsoft.PowerApps/apis/shared_commondataserviceforapps","connectionName":"shared_commondataserviceforapps","operationId":"ListRecords"},"parameters":{"entityName":"systemusers","$filter":"domainname eq '@{outputs('Get_user')?['body/userPrincipalName']}'"},"authentication":"@parameters('$authentication')"}},"List_rows_Get_Role_inside_Business_Unit":{"runAfter":{"Update_user_business_unit":["Succeeded"]},"type":"OpenApiConnection","inputs":{"host":{"apiId":"/providers/Microsoft.PowerApps/apis/shared_commondataserviceforapps","connectionName":"shared_commondataserviceforapps","operationId":"ListRecords"},"parameters":{"entityName":"roles","fetchXml":"<fetch version=\"1.0\" output-format=\"xml-platform\" mapping=\"logical\" distinct=\"false\">\n  <entity name=\"role\">\n    <attribute name=\"name\" />\n    <attribute name=\"businessunitid\" />\n    <attribute name=\"roleid\" />\n    <order attribute=\"name\" descending=\"false\" />\n    <filter type=\"and\">\n      <condition attribute=\"businessunitid\" operator=\"eq\" value=\"{@{first(outputs('List_rows_Get_business_unit')?['body/value'])?['businessunitid']}}\" />\n      <filter type=\"or\">\n        <condition attribute=\"name\" operator=\"eq\" value=\"@{items('Apply_to_each_users')?['Role 1']}\" />\n        <condition attribute=\"name\" operator=\"eq\" value=\"@{items('Apply_to_each_users')?['Role 2']}\" />\n      </filter>\n    </filter>\n  </entity>\n</fetch>"},"authentication":"@parameters('$authentication')"}},"Get_user":{"runAfter":{},"type":"OpenApiConnection","inputs":{"host":{"apiId":"/providers/Microsoft.PowerApps/apis/shared_azuread","connectionName":"shared_azuread","operationId":"GetUser"},"parameters":{"id":"@items('Apply_to_each_users')?['User Principal Name']"},"authentication":{"value":"@json(decodeBase64(triggerOutputs().headers['X-MS-APIM-Tokens']))['$ConnectionKey']","type":"Raw"}}},"Force_Sync_user":{"runAfter":{"Get_user":["Succeeded"]},"type":"OpenApiConnection","inputs":{"host":{"apiId":"/providers/Microsoft.PowerApps/apis/shared_powerplatformforadmins","connectionName":"shared_powerplatformforadmins","operationId":"Add-AdminPowerAppsSyncUser"},"parameters":{"environment":"@triggerBody()['text_2']","body/ObjectId":"@outputs('Get_user')?['body/id']","api-version":"2019-05-01"},"authentication":{"value":"@json(decodeBase64(triggerOutputs().headers['X-MS-APIM-Tokens']))['$ConnectionKey']","type":"Raw"}}},"List_rows_Get_business_unit":{"runAfter":{"List_rows_Get_current_user":["Succeeded"]},"type":"OpenApiConnection","inputs":{"host":{"apiId":"/providers/Microsoft.PowerApps/apis/shared_commondataserviceforapps","connectionName":"shared_commondataserviceforapps","operationId":"ListRecords"},"parameters":{"entityName":"businessunits","$filter":"name eq '@{items('Apply_to_each_users')?['Business Unit ']}'"},"authentication":"@parameters('$authentication')"}},"Update_user_business_unit":{"runAfter":{"List_rows_Get_business_unit":["Succeeded"]},"type":"OpenApiConnection","inputs":{"host":{"apiId":"/providers/Microsoft.PowerApps/apis/shared_commondataserviceforapps","connectionName":"shared_commondataserviceforapps","operationId":"UpdateRecord"},"parameters":{"entityName":"systemusers","recordId":"@first(outputs('List_rows_Get_current_user')?['body/value'])?['systemuserid']","item/businessunitid@odata.bind":"businessunits(@{first(outputs('List_rows_Get_business_unit')?['body/value'])?['businessunitid']})"},"authentication":"@parameters('$authentication')"}},"Apply_to_each_roles":{"foreach":"@outputs('List_rows_Get_Role_inside_Business_Unit')?['body/value']","actions":{"Relate_rows_Assign_Role_to_current_User":{"runAfter":{},"type":"OpenApiConnection","inputs":{"host":{"apiId":"/providers/Microsoft.PowerApps/apis/shared_commondataserviceforapps","connectionName":"shared_commondataserviceforapps","operationId":"AssociateEntities"},"parameters":{"entityName":"systemusers","recordId":"@first(outputs('List_rows_Get_current_user')?['body/value'])?['systemuserid']","associationEntityRelationship":"systemuserroles_association","item/@odata.id":"@items('Apply_to_each_roles')?['@odata.id']"},"authentication":"@parameters('$authentication')"}}},"runAfter":{"List_rows_Get_Role_inside_Business_Unit":["Succeeded"]},"type":"Foreach"}},"runAfter":{"List_rows_present_in_a_table":["Succeeded"]},"type":"Foreach","runtimeConfiguration":{"concurrency":{"repetitions":20}}},"List_rows_present_in_a_table":{"runAfter":{},"metadata":{"013Y3GNA5LLFZJRBMSPZFYIB2QR7Q4CNB5":"/User_info.xlsx"},"type":"OpenApiConnection","inputs":{"host":{"apiId":"/providers/Microsoft.PowerApps/apis/shared_excelonlinebusiness","connectionName":"shared_excelonlinebusiness","operationId":"GetItems"},"parameters":{"source":"me","drive":"b!OtX3VpQ4lUOEpmrh6K9330N7bezEW59CgC7jakHtMv4vwv9EnMbIT5pTX2Mv2XNv","file":"013Y3GNA5LLFZJRBMSPZFYIB2QR7Q4CNB5","table":"{8A00C11A-514E-4E42-B08D-F527CD21DF1E}"},"authentication":{"value":"@json(decodeBase64(triggerOutputs().headers['X-MS-APIM-Tokens']))['$ConnectionKey']","type":"Raw"}}},"Send_me_an_email_notification":{"runAfter":{"Apply_to_each_users":["Failed"]},"type":"OpenApiConnection","inputs":{"host":{"apiId":"/providers/Microsoft.PowerApps/apis/shared_flowpush","connectionName":"shared_flowpush","operationId":"SendEmailNotification"},"parameters":{"NotificationEmailDefinition/notificationSubject":"Error on user creation, and BU / Role assignment","NotificationEmailDefinition/notificationBody":"The user sync flow failed"},"authentication":{"value":"@json(decodeBase64(triggerOutputs().headers['X-MS-APIM-Tokens']))['$ConnectionKey']","type":"Raw"}}}}},"connectionReferences":{"shared_commondataserviceforapps":{"connectionName":"shared-commondataser-97b32284-9bf4-4e50-91b5-d65c-aca25e5a","source":"Embedded","id":"/providers/Microsoft.PowerApps/apis/shared_commondataserviceforapps","tier":"NotSpecified"},"shared_excelonlinebusiness":{"connectionName":"shared-excelonlinebu-f607eea7-938e-4d11-b4e6-35ac-f3ac24c7","source":"Invoker","id":"/providers/Microsoft.PowerApps/apis/shared_excelonlinebusiness","tier":"NotSpecified"},"shared_azuread":{"connectionName":"shared-azuread-7f190a97-93e1-4212-9fe7-1588-06dc4f99","source":"Invoker","id":"/providers/Microsoft.PowerApps/apis/shared_azuread","tier":"NotSpecified"},"shared_powerplatformforadmins":{"connectionName":"shared-powerplatform-e6810fbf-ef4d-4e03-b602-25c7-085a24c0","source":"Invoker","id":"/providers/Microsoft.PowerApps/apis/shared_powerplatformforadmins","tier":"NotSpecified"},"shared_flowpush":{"connectionName":"shared-flowpush-e450e74b-899b-451e-8bc4-9f50-2a601e5b","source":"Invoker","id":"/providers/Microsoft.PowerApps/apis/shared_flowpush","tier":"NotSpecified"}},"flowFailureAlertSubscribed":false}}