{"properties":{"connectionReferences":{"shared_excelonlinebusiness":{"runtimeSource":"invoker","connection":{"connectionReferenceLogicalName":"nki_sharedexcelonlinebusiness_ac2a1"},"api":{"name":"shared_excelonlinebusiness"}},"shared_azuread":{"runtimeSource":"invoker","connection":{"connectionReferenceLogicalName":"nki_sharedazuread_cc73c"},"api":{"name":"shared_azuread"}},"shared_powerplatformforadmins":{"runtimeSource":"invoker","connection":{"connectionReferenceLogicalName":"nki_sharedpowerplatformforadmins_cbac3"},"api":{"name":"shared_powerplatformforadmins"}},"shared_commondataserviceforapps":{"runtimeSource":"embedded","connection":{"connectionReferenceLogicalName":"nki_sharedcommondataserviceforapps_15611"},"api":{"name":"shared_commondataserviceforapps"}},"shared_flowpush":{"runtimeSource":"invoker","connection":{"connectionReferenceLogicalName":"nki_sharedflowpush_29cc9"},"api":{"name":"shared_flowpush"}}},"definition":{"$schema":"https://schema.management.azure.com/providers/Microsoft.Logic/schemas/2016-06-01/workflowdefinition.json#","contentVersion":"1.0.0.0","parameters":{"$connections":{"defaultValue":{},"type":"Object"},"$authentication":{"defaultValue":{},"type":"SecureObject"}},"triggers":{"manual":{"type":"Request","kind":"Button","inputs":{"schema":{"type":"object","properties":{"text":{"title":"Environment","type":"string","x-ms-dynamically-added":true,"description":"GUID of the environment ('name' field, not display name)","x-ms-content-hint":"TEXT"}},"required":["text"]}}}},"actions":{"List_rows_present_in_a_table":{"runAfter":{},"metadata":{"013Y3GNA5LLFZJRBMSPZFYIB2QR7Q4CNB5":"/User_info.xlsx"},"type":"OpenApiConnection","inputs":{"host":{"connectionName":"shared_excelonlinebusiness","operationId":"GetItems","apiId":"/providers/Microsoft.PowerApps/apis/shared_excelonlinebusiness"},"parameters":{"source":"me","drive":"b!OtX3VpQ4lUOEpmrh6K9330N7bezEW59CgC7jakHtMv4vwv9EnMbIT5pTX2Mv2XNv","file":"013Y3GNA5LLFZJRBMSPZFYIB2QR7Q4CNB5","table":"{8A00C11A-514E-4E42-B08D-F527CD21DF1E}"},"authentication":{"type":"Raw","value":"@json(decodeBase64(triggerOutputs().headers['X-MS-APIM-Tokens']))['$ConnectionKey']"}}},"Apply_to_each_user":{"foreach":"@outputs('List_rows_present_in_a_table')?['body/value']","actions":{"Get_user":{"runAfter":{},"type":"OpenApiConnection","inputs":{"host":{"connectionName":"shared_azuread","operationId":"GetUser","apiId":"/providers/Microsoft.PowerApps/apis/shared_azuread"},"parameters":{"id":"@items('Apply_to_each_user')?['User Principal Name']"},"authentication":{"type":"Raw","value":"@json(decodeBase64(triggerOutputs().headers['X-MS-APIM-Tokens']))['$ConnectionKey']"}}},"Force_Sync_user":{"runAfter":{"Get_user":["Succeeded"]},"type":"OpenApiConnection","inputs":{"host":{"connectionName":"shared_powerplatformforadmins","operationId":"Add-AdminPowerAppsSyncUser","apiId":"/providers/Microsoft.PowerApps/apis/shared_powerplatformforadmins"},"parameters":{"environment":"@triggerBody()['text']","body/ObjectId":"@outputs('Get_user')?['body/id']","api-version":"2019-05-01"},"authentication":{"type":"Raw","value":"@json(decodeBase64(triggerOutputs().headers['X-MS-APIM-Tokens']))['$ConnectionKey']"}}},"List_rows_Get_current_user":{"runAfter":{"Force_Sync_user":["Succeeded"]},"type":"OpenApiConnection","inputs":{"host":{"connectionName":"shared_commondataserviceforapps","operationId":"ListRecords","apiId":"/providers/Microsoft.PowerApps/apis/shared_commondataserviceforapps"},"parameters":{"entityName":"systemusers","$filter":"domainname eq '@{outputs('Get_user')?['body/userPrincipalName']}'"},"authentication":{"type":"Raw","value":"@json(decodeBase64(triggerOutputs().headers['X-MS-APIM-Tokens']))['$ConnectionKey']"}}},"List_rows_Get_business_unit":{"runAfter":{"List_rows_Get_current_user":["Succeeded"]},"type":"OpenApiConnection","inputs":{"host":{"connectionName":"shared_commondataserviceforapps","operationId":"ListRecords","apiId":"/providers/Microsoft.PowerApps/apis/shared_commondataserviceforapps"},"parameters":{"entityName":"businessunits","$filter":"name eq '@{items('Apply_to_each_user')?['Business Unit ']}'"},"authentication":{"type":"Raw","value":"@json(decodeBase64(triggerOutputs().headers['X-MS-APIM-Tokens']))['$ConnectionKey']"}}},"Update_user_business_unit":{"runAfter":{"List_rows_Get_business_unit":["Succeeded"]},"type":"OpenApiConnection","inputs":{"host":{"connectionName":"shared_commondataserviceforapps","operationId":"UpdateRecord","apiId":"/providers/Microsoft.PowerApps/apis/shared_commondataserviceforapps"},"parameters":{"entityName":"systemusers","recordId":"@first(outputs('List_rows_Get_current_user')?['body/value'])?['systemuserid']","item/businessunitid@odata.bind":"businessunits(@{first(outputs('List_rows_Get_business_unit')?['body/value'])?['businessunitid']})"},"authentication":{"type":"Raw","value":"@json(decodeBase64(triggerOutputs().headers['X-MS-APIM-Tokens']))['$ConnectionKey']"}}},"List_rows_Get_Role_inside_Business_Unit":{"runAfter":{"Update_user_business_unit":["Succeeded"]},"type":"OpenApiConnection","inputs":{"host":{"connectionName":"shared_commondataserviceforapps","operationId":"ListRecords","apiId":"/providers/Microsoft.PowerApps/apis/shared_commondataserviceforapps"},"parameters":{"entityName":"roles","fetchXml":"<fetch version=\"1.0\" output-format=\"xml-platform\" mapping=\"logical\" distinct=\"false\">\n  <entity name=\"role\">\n    <attribute name=\"name\" />\n    <attribute name=\"businessunitid\" />\n    <attribute name=\"roleid\" />\n    <order attribute=\"name\" descending=\"false\" />\n    <filter type=\"and\">\n      <condition attribute=\"businessunitid\" operator=\"eq\" value=\"{@{first(outputs('List_rows_Get_business_unit')?['body/value'])?['businessunitid']}}\" />\n      <filter type=\"or\">\n        <condition attribute=\"name\" operator=\"eq\" value=\"@{items('Apply_to_each_user')?['Role 1']}\" />\n        <condition attribute=\"name\" operator=\"eq\" value=\"@{items('Apply_to_each_user')?['Role 2']}\" />\n      </filter>\n    </filter>\n  </entity>\n</fetch>"},"authentication":{"type":"Raw","value":"@json(decodeBase64(triggerOutputs().headers['X-MS-APIM-Tokens']))['$ConnectionKey']"}}},"Apply_to_each_role":{"foreach":"@outputs('List_rows_Get_Role_inside_Business_Unit')?['body/value']","actions":{"Relate_rows_Assign_Role_to_current_User":{"runAfter":{},"type":"OpenApiConnection","inputs":{"host":{"connectionName":"shared_commondataserviceforapps","operationId":"AssociateEntities","apiId":"/providers/Microsoft.PowerApps/apis/shared_commondataserviceforapps"},"parameters":{"entityName":"systemusers","recordId":"@first(outputs('List_rows_Get_current_user')?['body/value'])?['systemuserid']","associationEntityRelationship":"systemuserroles_association","item/@odata.id":"@items('Apply_to_each_role')?['@odata.id']"},"authentication":{"type":"Raw","value":"@json(decodeBase64(triggerOutputs().headers['X-MS-APIM-Tokens']))['$ConnectionKey']"}}}},"runAfter":{"List_rows_Get_Role_inside_Business_Unit":["Succeeded"]},"type":"Foreach"}},"runAfter":{"List_rows_present_in_a_table":["Succeeded"]},"type":"Foreach","runtimeConfiguration":{"concurrency":{"repetitions":20}}},"Send_me_an_email_notification":{"runAfter":{"Apply_to_each_user":["Failed"]},"type":"OpenApiConnection","inputs":{"host":{"connectionName":"shared_flowpush","operationId":"SendEmailNotification","apiId":"/providers/Microsoft.PowerApps/apis/shared_flowpush"},"parameters":{"NotificationEmailDefinition/notificationSubject":"Error on user creation, and BU / Role assignment","NotificationEmailDefinition/notificationBody":"The user sync flow failed"},"authentication":{"type":"Raw","value":"@json(decodeBase64(triggerOutputs().headers['X-MS-APIM-Tokens']))['$ConnectionKey']"}}}},"outputs":{}}},"schemaVersion":"1.0.0.0"}